FileName,Class
ZJuIBhmPnFVdOWfmKLJq.wav,4
ucyOYJnrMKMsTLwgWYYK.wav,4
yjhjMqQhAgFWMxdxelSs.wav,0
VviCiYtGSunauuWqJovl.wav,1
urTZEfgScVhQWPfSdccj.wav,0
wdgBillbfWpZQMQKKTrW.wav,0
QyETInfGvtTsSzwolVbg.wav,4
TNIunydeuKRWhopjSVSz.wav,0
WJPeJJEslEtBdETozfbh.wav,2
xebpZLXINNhQCKMLHezB.wav,4
ZVmayXuLjPyUbyIQiLAg.wav,1
WbFuNFDhZurENCBATCSG.wav,3
vVTNpjJPJhYLFoKwdOie.wav,3
WeVxWIltZtFfuCGHKvAy.wav,3
ZDwtXjlaUfMEkrlYckGQ.wav,1
ZUtmZPVufkZnaXWTZuiH.wav,1
TQjFmOwzxiKTsbYQAhuy.wav,1
WTCKZDyGyjOldqBaPqaH.wav,3
YVyxCHIaotoeHVSVrgGx.wav,3
YGzuehqsuuuhBsgZvRUV.wav,2
QXcUQHtzKowEuGRthXXL.wav,4
YBMXNDyMIGGwrchSnJDR.wav,4
ssXDcdoLbGOFovPBWXEp.wav,0
zQCoEfiIWdSKxGQEDhzp.wav,2
xMUvBlshZOHNROObwXqT.wav,3
WkkLsnGGYLkLEeeHMpHJ.wav,4
XwdVDqssXnLLOcqcyppD.wav,1
spnIoOHulwMobyGZwJPp.wav,4
UbbJbKzHLJbnMHZATMAC.wav,4
sUxJGsURCywtYIWapTHa.wav,4
VLVcbsgIuaGbuctrDdog.wav,0
UexSpzZXpthFfRsGfJRg.wav,1
XrajZQrtpzhqTBkcouQu.wav,1
UuGsOFzPJZhrIwFXzKID.wav,0
TWDjUUzliYcHtLkHveCA.wav,1
yvYaEfeqvgzLapUzdJar.wav,2
vTIPjQxDlgONhwPVSxJW.wav,3
wJsFcYncYgeirVPnQSwF.wav,3
umLFYoIRxvWgcXDNsidR.wav,2
xslnPSJWNgUvJBssJItC.wav,1
WelocvpUNShJKfukbVBg.wav,3
ZPLkCRreYdlIlivJHvcc.wav,0
WzvdSbwMvYjBCctJJrxR.wav,2
xYWcUMGukXwxSeZrFyyO.wav,3
zsfezZbCjzUMtTOCLcGx.wav,2
yiwDYcCqwiVdMwXSFEtn.wav,3
uvpnprbBKWshqYbZloia.wav,1
YKrlyLNLRweKvLYsGjgx.wav,1
wivNCnYoUcaDhzujrcom.wav,0
wXogUEmjZhpsxjBUObbV.wav,3
TVhcEntqTiPKFDynDgrT.wav,0
xLSBYaISZcIYYutPVkTz.wav,0
WNQunKXCFpwDCDFDfbUT.wav,3
UbFSgqFHRHCJAfKabyXO.wav,1
vCuBcMewbdtwKpgEwOCo.wav,2
ywEmWYSlSeNOJyxzKBxV.wav,2
WKCbCbCcXdBLuhURcvNy.wav,3
uJMWZHYkYbSKOlUCSjxI.wav,1
yBWMLTqKfkaIWXWyHdNr.wav,1
UHdlficHfwokazqDSEvE.wav,2
tknwaqHNIGLehcgVLRuF.wav,0
XVtrXgZQjPtnNbxAwiaa.wav,4
UHYqLZzUpwvUwnaMhutO.wav,4
WYsFjHQgFdfDngzIimTU.wav,1
vrTyoBrIAAzzTqdxMkoc.wav,2
WEgzxdGfusWTrSghTktj.wav,3
uoLVCPeQdKlaiskgNZLF.wav,2
WGdJnIaXoQjIyXOPtKkT.wav,4
XfCxSXNIhDbNOvUbgWAu.wav,1
zetfvmHFxTaKTBwTKKAS.wav,3
rZjOgICAJyzLGyzqDEtK.wav,4
wAZYWtfNXRCcLaupBqkK.wav,2
VNMobCtbMQcDxDNuUSyX.wav,3
WDJkiLpaiizuJbTtzRYi.wav,4
yJkznEiHAWxcoYCyAicC.wav,3
XPwqNHqaRDLHDLYXuxqf.wav,3
zKJUeZIOfeCsZKvxVUpg.wav,1
VsBIzADIeHPAMPioOQvi.wav,1
XRRDdOobjkOhhJnSjBhQ.wav,0
XowURNZrcFBMtyIUSJXP.wav,3
ZcNmZipJmJASxubDxiFK.wav,0
XvqSkjTBzvGyKqqPvtBe.wav,0
yGXOXcdyssVOTYbAFpuh.wav,0
YfAOvbOOpoIibUXJxVml.wav,0
XBoeAJREQKSDGLkqIOKb.wav,4
SzXTTRruqZBZdiLqFRSV.wav,0
thUWDUEoGyxPaqnkiyRy.wav,0
XKECPjHnlaONjpfcrFvb.wav,4
ZqKLJpHCshugigomYObx.wav,0
xZJeWOuBgJPAiUrLbOrt.wav,3
zfJhFxKEANQAkkDLikgZ.wav,3
zkLomAyCCfxMbXBGhQwi.wav,2
WVfJpIWSKJHZvaciAZty.wav,1
YqolasgSYAokdRRyWRvV.wav,1
UOPviyXAuEkZGgxYNLgL.wav,1
TzAyQZLTWkBwupAMirkQ.wav,2
vQODVcIBXaPlgIEFXUUK.wav,2
wuovBafywWgpntSyAClf.wav,4
XJLWqyOmnMqWFbShecET.wav,3
tmZrEtCuvuOGaJpIOitL.wav,4
yglDQAqSNspXYNtGLfkL.wav,2
SDiQsOIGKQGEmtXuAXkw.wav,4
wpEKktnZEwmIblJqkKtp.wav,3
WCuQOBuNVvnEjTzkdkaR.wav,0
wPiyeByLIVlpqGLkDbqa.wav,3
xnBDEJrgAwKPRavPGTiu.wav,3
UqXkIkWPJhbWlnxofWVY.wav,2
XiiWsFlRqPfkFvXGagMG.wav,3
zWFxVvnnPxSftZFmmZWw.wav,3
UISttOSEJtKQSlrEYHBy.wav,1
zVjbVqyGPtIFGDkCbeCP.wav,1
TYGlcOcKbJaYVdQmWwFT.wav,2
xfcwGDjJCVFVOuFDdjZZ.wav,1
ZWcLtQRjTBIPRDaHcwTm.wav,4
SIkocFGxqUYEFUczWdUo.wav,4
vdbcIaSJLBbUGkgtSXpd.wav,1
TkOzbspiKtnTIirlShzQ.wav,0
tYVcmEhCzhrogDiajFAq.wav,1
uVLRGpIdlycmeZyDqFmg.wav,1
XTgzEkKfkKceJFNfgzav.wav,4
YEkFEDqUWOBPjgvZuqzS.wav,3
wdgjZiqiLLPODbWUBdkP.wav,3
VcVVYNBDfnlBwmzxlACs.wav,2
ugqTMyMjiwRWnRwQYivO.wav,4
XhklJFqvIHAhTDQzHBml.wav,3
XqgNzAJHhiXYdWOgrQeh.wav,3
WolCwDidJeDHBsmRWsJE.wav,3
TRQBkOTPBlEBnLeGcYHa.wav,0
VArtXIzqxCtzYWikUWtK.wav,1
vyZbAGluGyAQWwKPgZlk.wav,1
yBXXGtTtOuIlkvwHyScY.wav,3
UCdgBLFXbIGdZEanyXex.wav,2
ZVvZKUuBgPsxVyUnEoUP.wav,0
WfhQTizLTOkKzrwhVhbN.wav,2
VxOagUyyzhGOpHLRNEtA.wav,2
XKTNasRsrtdWNnwuyYjA.wav,2
TRrdciSkwFfpZOXtgaQK.wav,1
uJEuRGgXPpZAXPRLRBFo.wav,4
WrrGgrBweguOwBDxJOiP.wav,1
THiIDGKnIWBnpnGXHKzh.wav,0
WcNyCOBTWdEdKidCNspx.wav,3
tvoAQQhLWSZeglPRTpZS.wav,1
XWFWnJURstGkzTZvgRHJ.wav,0
ufQzSYiQbMDgmYfiGclp.wav,0
VqCEFNBkXEnAlVIXkdnR.wav,1
YouNgVuEjqZHzpGGcMRu.wav,1
uTaDVCHdoOhRpswTFcFu.wav,1
zrZdDRhMGSdYNUCwigVN.wav,3
wvHSwCFcLlrLHyGCVUFU.wav,2
ZBFrcnDcSHKyYPGUZtqA.wav,1
VoLuVxOBMnsdoqMJmvCO.wav,0
ZBTjomCUGCCnsrXIfHij.wav,1
uSONUiSsQMVRVVvuAkFd.wav,4
yWCrOMRPCHdxTxoIJIoV.wav,3
wrqJFgDNEcsFXFwRHuAC.wav,3
rtMWaHGbFJRWbGtPIzKu.wav,4
ZqOMjKeoLAKNUkdUgbdu.wav,3
VPgiKXVPHLntFuBDHuEP.wav,3
yGxcSXmLFsZjxDLacVmG.wav,3
zZnDZwTlSdqoPOMaBRvZ.wav,2
vdNSBVHVFAjRjdprFPkW.wav,4
YBOwGZvqhKsixTuysBRE.wav,0
ZXAkDHhoCimTaYsWpQRW.wav,3
TCzrxKmgIRwnzziBUwfe.wav,4
ZavHbCMVqOjFToHHaeMb.wav,1
WYVYcXUbZGpRgkvXtusC.wav,3
usuZhMZJCZtZPxNzgXPR.wav,1
uTkeBjsKUMCDMBfLLuTN.wav,1
VdcSSjovkbhjcCwjKanU.wav,0
XBIEPHItJILPpcrACdUK.wav,1
zKMBhQDqpoZAFLeowOEB.wav,2
tZhiDbZhHdZzOXTJzWuf.wav,0
vgCUFwggjjLgoRyMfGEg.wav,4
wQGSAMyCtrbxLTKtNKgO.wav,1
XNzfipDacMVWamtOeeqz.wav,0
xUBeZUKllfMPBLIohiuP.wav,3
uYlSfwNfelDQIPlzHDEk.wav,1
zZJOzQnQFdkzGgJwGvyV.wav,3
yooNKtEUpTpqaWXqBDme.wav,1
YZeRTJcivyKYABmiXWGy.wav,2
YZloETgiFnyMALfMMxch.wav,2
wycMoiSPHSITcIPoFlHi.wav,0
vmToGxokLHJJWMSdjhSY.wav,3
yWNiWrMfYcoZNIHQQbrC.wav,4
reflTxuriNDSkddjYACp.wav,4
sRZLoiIMXFfxGNPUBCmZ.wav,0
xEuiuRuxVjCslPGNzzWN.wav,2
YEbuwDKbFVgNZTKoeGEq.wav,3
XsZuqaVgntbrPvVPGDia.wav,3
zJUkKehnzkzzzJUsBAXt.wav,0
wYKleNcjqVnVEUSAoddK.wav,1
VnltMEgHsiFzjUInnocp.wav,3
YiXxQsdPYkrQdJEWLHLh.wav,3
YTKeaWupKnEbaWmMwDKP.wav,3
YYSSdldvYhiUQbpTmxlK.wav,2
xVgLQrGTHilrFObEwYtI.wav,3
uFUKwzHIYZQURLXLDluy.wav,0
XcetVJafyQyASyPPoetj.wav,3
xaMSdjaCsoXfLrBVsIgE.wav,0
vrWadAFLmpyDkxdyRlfM.wav,3
ZtbAwMLdqknsevrfbsly.wav,2
ZOdNaqXgRlwiJqNwdlre.wav,2
tqxBJaOznUgOBgjFxxji.wav,2
zhOLXSHQyFoAfMmWGjSm.wav,2
uijXLajszCDwxmsWHkVl.wav,1
ZNGmhmwQrSqHKGMKWjDM.wav,0
WjllUdmOUWmzqWWEIJPx.wav,1
zFbbfJUDauRHNQxGVDJf.wav,0
xYyTGQhltCBhbUiNbyDw.wav,3
xbljicVNaabzSWwvarNB.wav,0
tqJbgvoWfCdcxxKVzktY.wav,0
XKVuVgFEhaWMykhPsQqA.wav,2
xjwrUyirzLbkVfSuGwfB.wav,3
xPoMyjlchnqhFoRecVMB.wav,3
WSarkOmBCRYjDgBxJgoW.wav,3
XwkGHyXhowojCBWgficN.wav,2
xEXVXIAAoZjegrqrojNZ.wav,3
umePJjbyhpkjFKYzqaVU.wav,2
vpbyUfeFBBVvNgTEBXms.wav,0
ZVohOTYhjzYquGryKtiH.wav,1
YPFtBScDVSsXrMXZZZBz.wav,4
zumROnPLcUsNvdhUFUTO.wav,3
RUVJjMqCCRFkjcWyyvCz.wav,4
uGkTSvwlPsqugFhtCWDV.wav,1
WCkLTeJefsgKuvCdriHj.wav,4
VfLOWOvnMKPeSWQjmZem.wav,4
ZdFokpaYCRzzeweLWiyV.wav,0
SEooocSmmYNoyRDYEAwI.wav,4
yGKlDtnhGUgwXUUzFSLq.wav,3
yBGCGuiqsQyxJkyKnmEa.wav,2
XuOjtEmgShevPGuCEika.wav,2
XCarBCrMlhslAfyMcGcp.wav,0
VBAjAeqilyYqrcAbrfzX.wav,2
TYozSxaBWWaeHwqweAvO.wav,1
WEDitlYElJvbmiwvkAIf.wav,4
YvVImiriczEClZdENopo.wav,3
RihKwmcuZTwjrrgRpFku.wav,4
zgsjzOUKYJLqAjqepQqV.wav,2
WyJxVjWtKLjQDrlyYQKG.wav,3
YUWemqNSutrQPZrqmkKd.wav,2
xBiYElRNEEKItsJySYgd.wav,4
XThYiLvEeUUpQBgRKkdM.wav,3
zgNvZQcMzmKLSdYwpess.wav,3
UKbvzusLYiCrnDAOvffA.wav,0
uxIkNjtOtmAWBLnCyXjm.wav,0
wwPvlYmXSKIRFrscffBj.wav,1
xqkvJpKqtHnJeQdKamwG.wav,0
xvQXDiAZNIGQODlXpuUy.wav,3
suTsFkhQiWjPdgEmFYou.wav,0
zeDjnAclHCrXXRxIXhuE.wav,0
XrpTojJfVieCnzZeHfcJ.wav,1
USVCdCKcemdfWHgJdggV.wav,0
WEXRQeafvfDMOnGXwoaJ.wav,0
uVtHVfvijqzNBUnnUDSN.wav,4
ZfJmGxjIZXzVOiqqsreN.wav,2
RYqqbnzTmiXCFrbEXuro.wav,4
uLvaTXjLbpvdZjDPqsbC.wav,2
USyJHnCSGhhWQvCbrTlg.wav,0
vfCCIxqJUcQJzihWsffA.wav,1
WIBNPSatEvInPUARhLhB.wav,3
ZDkRNGTpKthVKvhqzhWb.wav,2
xPWdGPCKoJeUocltzdpj.wav,1
wYneiZouTyQoTZSdIVVI.wav,0
zCUMIJAtYXHVXvRzKJSr.wav,0
wAKQaLDQNJfZiMmhpyjE.wav,0
xgKotbzqkVWvrEcBNUko.wav,3
sotxQUNfDdjRokfXUYBB.wav,0
WjFrtbYsgIALpPEFfhZs.wav,2
yWAAMGMekcMtOWcBftvA.wav,0
rpWpuzjzAuoNUSciPtqd.wav,4
zcoigXmXyjgKWEwRoSdD.wav,3
uDIwKzDPdDVaJSTPYVJL.wav,0
WVuvcZHsmklyuTKEvpwU.wav,3
vwzGBINWKSEtNGeFdhbZ.wav,4
VnpFcOgavNBYJUxxAdtU.wav,3
UaCprBaSLNGmdKrmdUSl.wav,2
tkCHaMSvNTRdKqgXDrJE.wav,0
vOVQUwYUaataHuBsqybT.wav,2
WRqUEyqEwwjIZQiCDkBx.wav,4
xigGtcLtTEPDfMpLnpwE.wav,2
YfjNGrjEBLKeJadPKaOc.wav,0
zmTzYvTkPJvvwwfzllwr.wav,3
rnempfnHVhexKWjNNvmK.wav,4
ZuKOaSrIoYyyCRgwXPwb.wav,3
UumBpTlMEqNzPbBDPHpv.wav,2
yVUVPedmwIFCQcmdgTNI.wav,0
yxTyvUWIjIuIkthSyjwc.wav,1
YyjhInWRlECvptmszvGF.wav,0
txLiIGrAZcljqwuWtrWM.wav,2
SZILaqUoyhCkdYlKDkOS.wav,4
VIOWMLcTFAKDBgCmjPmh.wav,4
sqOboEnHpwXPZSZNzORm.wav,4
wHZhOJcOpMVzBBaLEGMs.wav,3
ZZCeyiWLzwMNTglxqOMh.wav,3
StHCXbfWkLXiEXgOMnyy.wav,0
VvfTgHDJHkxQnWcmNEod.wav,4
YrBQrTqnryxmVeqtFWka.wav,0
VJmDDARyheYgekLjbfMY.wav,2
XqBiUUUMrCCeiRlcYJft.wav,4
xTpeXknHGWkuGABgzAbp.wav,2
XCwYdbGpAzDeGIGdnAbP.wav,2
ymCxQVRbRdLpfZSzjIac.wav,2
VwscFSrHtdMxVhmZveAP.wav,3
tQjsZiYMQCGpcUmRMPNx.wav,0
ySDQvvJFpWGpcMMpGXjU.wav,4
zOnvsEMNeCkApXXOWffV.wav,3
vQkdvRBxDOOwfStianQC.wav,4
wGuGBitTuCQHyyaSfIeC.wav,0
wzEXISQDLubYZrBnQmHJ.wav,2
xSVYJzxQnXimujAywGFR.wav,0
xwnHXjrtVFNvAGFjnPfZ.wav,4
uwrReyVmTcPxCYMFOXDa.wav,1
zNuYIgPrgcTzshtVdUXQ.wav,2
UlKnGBKCUwdqvZXZQjsx.wav,2
vkQPoMHwyBAFmzghbqsK.wav,4
VZUAPKiYoolZQJfpzSbB.wav,2
xIQkzlCuUtAhEZMzLgvh.wav,1
zdxOEllqeYNqsnCjupLX.wav,3
zhXmiPquiNKCoKJDEEGm.wav,3
vnKtUPOUkOSRZrojfsVz.wav,2
uGfnJurInJIJgeDigYaf.wav,4
uZTGlyRggoDIcIkysxFu.wav,1
VRCuVpoXLreISSAyKXzg.wav,1
ShUJwNOuaVcGXPDYwevk.wav,4
VDmIoZWCeuQUzRebibRo.wav,1
vqYXxsLODxvZhQBhfEkH.wav,3
TZEueAtodTybsvuLqzvz.wav,4
xCZjvWCgGruEWqxIKYQl.wav,3
TTqSWkhpQnoKPVSpKUwl.wav,2
wRuaYQXcrfSwWZbHyucM.wav,0
vWfTrxZxOhYrLOXTzvYz.wav,0
WxowWFWtNNljrWyAvljS.wav,2
vxttATXjXDsfgykAOXYI.wav,3
XYurxIzLpSOMmWIPNVEF.wav,0
VRcEtwypQlpZPfzREYZS.wav,2
VsQXLhXpVPKsfPQQJtad.wav,4
xJjtAUhhczLcBuFhnZDE.wav,0
WwjSOwGkVOllsXumxALH.wav,4
uWolFlTnJNfbqxEvqzMr.wav,2
xfqmwJYHNMupZEyCbkPA.wav,3
ZbJLnNkkkXZCCibCcYrq.wav,4
vxFBfiUIYnXSVBMosQFO.wav,0
UcPWJRRgEaHSrMfDwZtS.wav,0
vwSWOMRHyYJTrOpfwTaI.wav,2
xFeKHaULIfAkyaiIOsSK.wav,2
WCbrrDPnYIGNlsOmJXaV.wav,1
zUIeJRlIHvnmRBMWSsqo.wav,1
ZHzVZJmeAOdrcHhfGucp.wav,4
YyAPbSXJHaEVYHARBOkj.wav,3
UmxOngoVtUlZvxwvnpIT.wav,1
YcGwDAwQBlXrDbXUpQyp.wav,2
ZhPAszzMIKmpuGwSUGKt.wav,2
VjspfFjduVWFaMKJpRov.wav,1
sveJNVjnfgmszWgqzdok.wav,4
yXrpSJMzZegQmBVdUvRP.wav,1
uwgnNLvzLQEhoAuGWEoc.wav,2
tWViRizSodpcVAdNCQAV.wav,2
wGmhkCmEUmOOlBdcnnTx.wav,2
vUPGNCzKRdXPSzmOEmcl.wav,2
ZLUIcRUFvBAtxNGWeMPJ.wav,3
svgeZuEZhDjLUHJCFPrE.wav,4
YbmCxfeAgNfOQZEgbzcd.wav,0
VomouqEeBOUkmphNJKUZ.wav,2
xtnNdQeMCmuklQhkCycR.wav,3
yeZmdASfoCTRwufsJVpB.wav,2
XTtGrfrgcSoBApffznRV.wav,0
tLyhHYouLNWwLRnsOgEg.wav,1
vwqzpqgYtjZiBeCGjqiD.wav,1
tcZHWolguJJREofycfDn.wav,4
zoLMCpUWsuchTFNIKvQa.wav,3
SaCejCgNqmASqARAPLpS.wav,4
ZtpepEwjHmbppmCtUSDe.wav,1
yhKPfEGPpQTypoFbnyGj.wav,3
yUdlypDIPsSmBYkApXBn.wav,1
uaDFNQrykTZzBxPhfGXH.wav,2
RVQjGOAzLArseFuQZzAS.wav,4
VDiPrfgcCFjENOkjiSCD.wav,1
xQyKXoRcyuhSgjbYzINB.wav,4
zmIXxVwsYofCHfCVhgsn.wav,3
wVjXguhVdtcAIbhlKOYD.wav,2
xngBjhQYSqDuOXCQtzsw.wav,1
ttMjlnGWCpnWUoLHsiLZ.wav,2
YohLZUBvexSYVXecJRHY.wav,3
WxUPGOsyAMCrKJwSTekq.wav,4
tCtUlzhnIkdbARWOtDTR.wav,0
vsquEZvldtxVGayhUjdM.wav,0
ZWzeWAJaWgPredhtzfTA.wav,4
ZGqolCYqgrZaKOKpQUGf.wav,2
wvtTzTnDrEXbDldlXjzq.wav,0
YyFhpBkdxFZhVglTRMTL.wav,3
ZtyzloTauVvfGMLHYSLJ.wav,4
WmrJWzDLjuZuXWZbnvbp.wav,4
yFXWGQiXkFkKQNVRlXEn.wav,0
uJgEOiBpedcllcYDUBPL.wav,1
RIumcHykqSnEemtTKJBL.wav,4
ZIPzchfMyVJmuMYxyDKc.wav,2
YfHHdrjLciUEfwtKRjxC.wav,4
vogluygbhPmrmEnsHJAH.wav,3
wYogMbbvbgMZnoaeoJmz.wav,2
XhZDPHpVZqgnDwoAUwlh.wav,0
ZIgFgofQuZpgfkVxxmuG.wav,0
UbvBHdczqHkdARXIkpkr.wav,1
QxLSDFLDgyoGnecXrwsu.wav,4
TtfojbTsUIEPkzHYtOps.wav,2
YjrlIQXVHgNpSYBNtrvX.wav,4
RmfluLUgJRtKohmqFEch.wav,4
YHAuAjjHVcWZLxmiyQVh.wav,2
WbhlpJJWsKcUdEBQHfgM.wav,1
waHTzlCqWEzgYwGIcfPb.wav,1
xXGyEoxrYWNjrZHzmPpk.wav,0
XTbgPqPHnyhkNYecQoFB.wav,4
vsCUIJJCkOYzeLufktkC.wav,0
wfcdboUtoVzNtolTbQNc.wav,1
tTMCnTbRaMlhRZyztZPV.wav,2
sAvgvXQaajIKpuPtOGJz.wav,4
WqENlVgkjruVkQrvKBrS.wav,3
rsAyXoKnNqrdcjcCtFLn.wav,4
ZxmoYCPAkaNExIdhHVuq.wav,3
zgEwggStFXWaBDKIblUG.wav,3
uubLASwEVPrkgNsLhoxl.wav,1
uSKMvFJgDBTOBWvzKAGh.wav,2
YoyHXXIDUKZrTYXuDfwT.wav,0
vCXpBKinKTJESrUhMzIO.wav,0
UESbrpZLspQlGOuiOgAf.wav,2
XvJaNnoyScRObhWRYtTd.wav,4
vDwPFpKuCgNilIeYMSvy.wav,4
ZCSsRLfnlnxDXTlqltMn.wav,2
yfyqBiKrRsIxAKvCLoRW.wav,3
XiJttbzApDbpfnIfblIo.wav,1
ySseUNbXUsQsSocgVigM.wav,0
ySzTIYZxWuZtvEkOlLZn.wav,4
VQEDsyhAGsaZgCOURykC.wav,2
SFWCZQpRmHvFoxVUCptY.wav,4
ZEqsZbOIfGiYnJcbIxiI.wav,0
ZHcNsyVxKWyMnFBCMLiP.wav,2
TAXCMLhhNQvaSaNlzahi.wav,0
YFBodzFzqkoagoFNVeXm.wav,1
YBNjgkYdwcGEnABQroZv.wav,0
wNqaRlsCMUpGewvxHmlc.wav,1
yzOxqpguSLmWhnijmRyk.wav,4
tsXzDUtHTTNLcgmfOVaE.wav,0
xYpJooYikBXqNCmuXoxc.wav,1
XgWBEqdzfgAhWJIJNkOx.wav,0
tpdHYjoAIMQuBVvJFFZV.wav,1
ujnMUvdfpdnwXwXKRGzt.wav,2
wXlrTlWQSGYhWNvBpiBN.wav,4
WlvuAlDvethwNeUBBSWJ.wav,1
XzWDpOjBAsGpVnicCXHt.wav,1
stNowgrwbOtFdmjlxqMF.wav,4
TqIuxtAVOFvhIqqOkysX.wav,1
XIhXtEGPlzqxEyMyVMTb.wav,2
XCoIYjeFUuRvPopixsdY.wav,3
yXLtFRrClKkVXKugxitQ.wav,1
yBqqMpAjqvikFQtsePUh.wav,3
xtAFdBTHzpXdjhMJrOzP.wav,2
YoGmQCqPvoXdBwNwRhLb.wav,4
WHLdiJFrusevWKOUwqzp.wav,2
UZnMCcmFvwvXOTZzEvqK.wav,1
UwbZnTbGnXipKcdvpUwM.wav,1
uKPsKeDaJpOYBsvcUeQR.wav,0
YmCNhLQOAxeMQAvJCmPZ.wav,0
WVNeGqTggzjbSNLyzEhA.wav,0
rosGDHlrkovzAxnAYfUH.wav,4
WtepqmfakpjxGBhxLXCU.wav,3
XsULwfEIPWESJTwCYexv.wav,1
YVqjNsaPvftRRETTbrFa.wav,4
vITCxgvQFcyHFrSorUrR.wav,2
VYrHpoLvjHIULeiIfYOp.wav,4
UmGbwuSnybyNXHOXyZkl.wav,2
wACHOvInmBAhoTQTlPIT.wav,4
YVtfoRqZFQCzZxsOXsZE.wav,4
wrHseETeDPawfwPybSrf.wav,0
UuEpogzsQNVFaBJDhLmq.wav,2
ZdFTTrjTUXnyldWzMXoL.wav,3
vSBwmvilRQhGgkRwoRdt.wav,3
xMxxuMfYrNxnMkTkpNgM.wav,3
VSfySMHgKNjhTwHCBaMH.wav,3
TKbnievPqUkmOQoFwgFh.wav,0
WEzzWKXOHEjZMIRiCnzt.wav,2
XZAEEoUUewcboarFoFPK.wav,3
UJrYfyipMPHBBGGCoMtR.wav,1
UefQCJGZZHiXhzqDXeXq.wav,1
XXhmPKESbaXNZDpyzFwb.wav,3
xcgIhoqianFrPObkVgBp.wav,1
teKkTIIxcIapAAUaUFPP.wav,0
YRcnqeYwWsDzZDAaBkOR.wav,1
VyQspArqpItzlrJMqKLN.wav,0
zOSUTAERYNERheYaJqPk.wav,1
TscuTKdRcAZjGbIkonsz.wav,0
VFMHiPYqThqIanlQfMRH.wav,1
VyDeoNpwfFiCoFVBZfUB.wav,4
ZpgwZpVdordGNMtyQRpP.wav,0
wksFLSSFjWzKSEgKscoA.wav,4
YWIHSxpgYCxCCkkNEpZF.wav,2
YkMgXDKxWWigdJfzSOzk.wav,2
YiPrJNxCxROpPctqQqtq.wav,3
TMDHjMKgLJooLNQwJBot.wav,4
VBuQDtAqObChNVbHhLXJ.wav,4
WtDeSbhapOJfTEkZIsfP.wav,3
xKOfFxjiehAuWdcpcVNb.wav,1
WYTSKONBERGlstjyMcmu.wav,3
xUraQXTBVbfFDwdOOHmi.wav,2
zBdRNDsHinNclSoTiHAp.wav,0
YVrVsoKMbaSIaiwPknxx.wav,0
xcsLfRnbCxlgWFnyPbyz.wav,0
WGxDcUhnEfjphqJpHvdX.wav,3
ziGVmLIJLzmzTCNofaQB.wav,3
yhLSOZGBCgrAQiQquoaf.wav,4
vVVFJthXNSWGDCzmnGgd.wav,3
VSmpbDzDuJVZABPtPekc.wav,1
vubKjRsqBedUPtfKeEtU.wav,2
VWfuvQOpfRicUYSiIZkO.wav,3
ZqxdxMWqDGgZWLERyzKM.wav,1
XcYZXfSuOJYHLkWyRxdv.wav,3
TvRgWfoPZwfVuEyDkKLY.wav,1
VUFuUEgerxcuIbysVEOd.wav,1
uNNuaBkklxhjYoVQvIkL.wav,0
rIeXwCGxagkJgyPuuCCt.wav,4
yPvtZcxlNOjkowvmJjdg.wav,1
xulDTLMEPEetaxzYoUEc.wav,2
zmjGWNVekAGIaVdSNWQp.wav,4
ZNPGsFtZvUkyfIMwOzpg.wav,3
vydLBwSHgpAgydPJRAGz.wav,2
XdtwcbTuazJHoYlJMdBH.wav,3
vOeTtYcgLnXtadrRWGcD.wav,2
zZVOSLpjRYhvmpKwINCt.wav,4
ZvePjtgpXuTWDBDKGxLU.wav,1
vilLIySHwjZJApZHKsXg.wav,4
TOqoizmkqedwzqnsGTfc.wav,4
VMRAYDLbevzCOnoXYvVH.wav,1
VUxraXGUVNBoqHqfRpPY.wav,1
UaTmJHsZTvYLcZYwWrca.wav,0
xRXtQIOZARUxkMCcsjbV.wav,4
UJgBcMyvHPiJZIDvzdYw.wav,4
VPrmvQySOVXuODOeDIRY.wav,3
uFRqYjIDoCTQeZIubCqf.wav,2
TwYsDlUdZpQCOSztXSBV.wav,4
ZVsWxQIKZuedcCCtApkQ.wav,3
wOMubdbpkmjLCOkCRRla.wav,1
VoFzPbtuDYHJgojJTMyt.wav,3
WxSInYpcfDkqtrCPaBUM.wav,1
xDNSOCYHOnrmypdljDCW.wav,0
ytUYnhdiGvdVFmSHLLTu.wav,0
YmLPKCyoxAxaghNLWwSb.wav,1
TuKiMceFHbRsEzegbMKO.wav,0
vXmfiwTFMBjQYagxVLDG.wav,2
wNJeSlRXKXItSwQqLXIW.wav,1
tGWEUjABHGvoVGTPKRsf.wav,4
ROgAXxOFugWlgspRQMrt.wav,4
UGkUKvQBDtaJkwOlJQJV.wav,1
wVgrskZkSsBqGamqnHHQ.wav,3
zQSUGAISocLpUoVWIKEv.wav,3
TVeFQcBGfSenFwrGifpn.wav,1
zUHpdDTaeOBwOfILJwQl.wav,1
UTshjekTDcmeQJWSVmlX.wav,0
WcEPDNUOBKwwojchTVHJ.wav,2
wVhHfTUfHQaBeKBjaQpD.wav,3
vEvmyaCaRgRXKtbSNcrb.wav,4
YHghYdcosgsGTSKMBkZw.wav,0
ZaNAKllRrGeEiRUvHPzs.wav,0
YczhrBsIifenNgZDUUPx.wav,3
zkhXxaRqUcSCXnKRunGK.wav,4
WeZdkuQhKySgvVSuuSEL.wav,4
WYZvfsyZrlQwjBufbktO.wav,3
wAcSginpXOVDraUBjKUt.wav,4
VXMHtnFSOMZXuoKYdduw.wav,4
UHxzvxOlOKGmCboVBHPf.wav,1
XwIfzlFQfjsqsVCKAuhd.wav,3
yEAZjHDXcZOYnkletKiY.wav,4
tcZGrvslqHCZYGXOkBYC.wav,0
zAZeBSxGsugWyviAZGTZ.wav,3
WKrNNvkFDhadWsWkxHXd.wav,1
UnSJKwqIoLYyBVXtQGuJ.wav,2
SajFOXXKtFOijtSSKtQi.wav,4
zkPySbfflBMlXCvOurBR.wav,3
UnWVviuNLDPTYGlwznuV.wav,1
zVqIPQAGsOubdmBoKZbr.wav,3
vYgBPOaEitjVKTZMBNIo.wav,2
YLkPKKqXKiTOKuZeuwFN.wav,3
RAjRZSMDRMyyLrgHatxc.wav,4
uvEgHODDpcawtjQVFagA.wav,4
YpJukrGJTTzUrquPzxxd.wav,3
VrTjGmTeyoIDhNmiKeFy.wav,3
zgvCLgnpRNDhVujVYsxz.wav,2
xWIPrKZLsnmAgtDosrec.wav,3
ysLrfRQyfPMDotlrZWDS.wav,1
wODVjzAuXqepVNwMWkNe.wav,3
VNMYxWiHvABuVTOHkFAZ.wav,3
wUnUjHgnMVmxBykbesRb.wav,3
XueaDPqTxAwNCjlWHjmS.wav,2
xWhXyLetzVBwhNMPRuLe.wav,1
yJcEiwQGagfqFlnmEPbZ.wav,2
tsrlQbyKDmhKMUDWGYrC.wav,4
UjqEUIhqZCDUDUkHhtNc.wav,2
TSVqmcQlfpZmbosJKVHl.wav,1
tHZYDNmNpBhuUGkUEMFm.wav,4
WauhfIfhVfuZTjkgcqAN.wav,3
yqxcYUBRVwopAQeeFLtx.wav,3
TEHUAJmwKihYHxZCQSYA.wav,4
yXFgVjLNVhHeQBSEOIqa.wav,1
XNHeUZkLvgtqpYICKhnD.wav,4
xEBeMtdkPpmUeqQpzzsC.wav,2
vMvnHRCqPhTUiPSMkeuO.wav,1
wUsPBCCIxwNNvyNZXYWB.wav,2
xJZpgYtqyqUbHYaKvjCM.wav,4
ZHmzimjHlnnFlmIXLVIC.wav,0
uqqigNozrePaZbCkeKrZ.wav,2
xtIDuiIZPXRZvOJRBGan.wav,1
vogCqureyencaymUcOMN.wav,3
yuGXJegpAiLRlhXgZGRH.wav,1
zoZVzDBwKdwPYIFFkUuo.wav,4
yjvmkjQHpchpGZoSXMLA.wav,4
vZuuaadwEcoRRJSSirDI.wav,3
vloQaBSMEesCXExvXIsI.wav,2
vQoXbXHPmzMZfkelvynx.wav,2
YclIYViUOXpIGwKizlCj.wav,1
vlaZRPXQgmvjbmMRvBON.wav,2
ypsDmKaPBOdxSalnBbPE.wav,2
wMbvENrnvKxVOvjTIDNb.wav,1
WgfMdnDVWXgWLjELiYfK.wav,3
tZSuVhyMGIkqCaegQOSk.wav,0
yDYYFAOmiDOQnMoepkBx.wav,0
VHPhZTVWINTOsjJqDSuy.wav,1
xwESrHYxhhuguhUqNlyM.wav,2
TTZWALgpiFIjGyDNZViT.wav,0
VlSZpqwLZMzgEaqSDEIZ.wav,1
WkxFvncDRCaqjXAxpggs.wav,1
ZnZojoFPgrCcOzOLAdbF.wav,0
ZtzbMKKVWPxkHuRVLOqE.wav,3
ZNWKpVQBOndPKuGZZWNn.wav,1
TLEEbNAxKeNoUsmAehkB.wav,0
tskbahaNutjKMioAnKtT.wav,2
WQMXybIcyHZwAXvPassA.wav,3
xPTGjjGwHnyqQwffaOPq.wav,2
wqCRjylNCgqYkFAJyWwi.wav,1
yAtMzOXItSikjRbOPZID.wav,2
xRcmRNbEJmtEeaSSblLu.wav,4
YyFVyKHCnMpOTYapGoVg.wav,4
TxqzrDMuiWIqByiiHnMQ.wav,1
xJycpqTVfLFfsjYKIoZd.wav,4
ZQaJkQhjRRQzSzagZGUD.wav,2
WzfptboAWQNCvkbJyjAO.wav,4
vQPKboCWNxjuAxRpjdls.wav,1
rkqpTWmzVVEfifmkuFgG.wav,4
XpzqcJewkERvZztKAAvc.wav,2
UaFxrxxozwKLFiywKkkx.wav,2
zrLNUCmraZuYzkQOVlHI.wav,0
zOWXdtjvGHkrYiKyCeGX.wav,0
wlqUAInodJqaFBxTgasB.wav,0
YHiRNsdBdWmJQcXohasA.wav,2
upyfxlRFPYjvyFDFUChE.wav,1
wkazoGoMSdTmASqWTPPe.wav,1
xJBqbAmThtPMmoWhwaAI.wav,3
tnJPcMBQalDRprVSVWor.wav,1
VruVBSbOJcsAIoEishsk.wav,0
WPUQtaUKYrttLZrKimFh.wav,2
xIHOznqEkDaPTIbmGVxf.wav,0
ugGaDyiwBhnarfNMSHWL.wav,0
YEfIvgfIaWowWkGySTCN.wav,3
TmTLAgCjjrnolnDhfzqL.wav,1
TRhkaWUsKiuxCDLjfIyS.wav,4
ZWFzFJeCmLpdLbaxLCSp.wav,1
soXOVLMeriqcUaUoRGKq.wav,0
vcRwQrpCoTbnrvZdyAbO.wav,1
xiLMzyvxguVweAHKZwil.wav,3
uyLKEVfAkLJXrIakPZey.wav,2
ThWLHaFjsDQzYSknurRT.wav,0
XhpSAmiCyWHbCpaFbwiu.wav,4
YBfFOOvmYYcgyfPVEIBV.wav,2
ZydSKBDoXSdvrOdVKpCK.wav,2
wlUGmDebOChdCwDjkRby.wav,2
WWKSQcxnqWmtFUfMxgBg.wav,3
VURQXoqFzLHYFiqpTnmN.wav,3
TQIHAKUzBzsMIxXClVIS.wav,1
wXahhCwGbxfgMXUoyUOG.wav,2
vLYAmEqStaNETQSJAcTC.wav,1
vXTYtbSzbdPPygHJguAS.wav,1
zmOExWjgEeRrcQOuJMLs.wav,3
YklrkIbjoHLjtbETWDbN.wav,3
ZHBZVjbyYZngLlkzAjnS.wav,3
UuSGCTizgeVULgGOOiPX.wav,1
XvlJQuKIyCZUqPOYtKqX.wav,2
UidFyyRgRwApeGSvbwBH.wav,2
tkjGxxqeKYBkWaWjPBje.wav,4
vCJAfkZsHpBNZoMOLbvX.wav,4
TqIcNndDkvFFwmOGEBeG.wav,1
vgXGXCgbrpQdlywQwAIB.wav,0
zGBCLpdlXWPMVEtLTpzI.wav,2
vOtyGIQUSHcqunMrEvCh.wav,2
ynNlQVdEzQeeweAEIVVM.wav,2
VmwEDJuiEwpGuTFhIutw.wav,0
uNJyJabFMFFaPzHwlzXU.wav,1
uTPbRAZaKOSKishyZMjK.wav,0
XgTnGoVrkaXlzkQQNSkg.wav,0
TvXsPziIRgRKCINHTrKr.wav,1
xrbHeBfyrcJtjjBYPcza.wav,2
XzLUvoplUnbjItWxFggu.wav,2
yCJXEoeMjqkMYDJBSRkz.wav,1
yZFfeHnqHKrUJjFsZVPC.wav,3
wLbpWvmbDgndoARwKUoq.wav,1
zfrmbIDbidIydgzhFpZj.wav,3
upLDdVtKYVTbotSjeuKX.wav,1
ZkOpBjMTtQOxFysRNVIy.wav,1
ZXGspIwqivrrSHXPvsaf.wav,2
ZUOmiofebFruYsjHDiXM.wav,3
WOLkTCcVRxhScoSZTETl.wav,4
vUAhBIRcMimTwyFddRLK.wav,3
xujnyAWFaJmbKkbcJJKz.wav,1
tOPGSfyFWJSpNOdblSKq.wav,0
VUMBVDaTSrgrGrdEFzDa.wav,0
ZyzjaKmbdgPnEaOTREBv.wav,2
vTiJEVrPbUzHgcNUClgY.wav,4
wrhZGFXAYfxIyggWUzDG.wav,2
UiklpzuBDrTHTnnLzhIQ.wav,2
wROvpwQTUZvfARMccCdV.wav,3
vfBvpwLutfayhlyoXMLS.wav,4
wczNPemudzOoiJDYcmQt.wav,0
UWfIOLIxInousJuScwOA.wav,4
xyTDSVEeNqeVeqjjSswr.wav,1
zeQflzEmAibsIVifATZj.wav,1
YOAAwzRWOFbiOILiSAEX.wav,0
wCSLmVKTEsYPwuMzdwiY.wav,0
TALPpRzYjjyiUkwhKBKP.wav,0
YGCypAlEbIIYtbFRREju.wav,1
yTXBPqmJRjSHGgVFWPrm.wav,0
uOedREybWJqPRkbXjvFt.wav,4
wYUfxUvbLvbDGnZHCFyr.wav,3
ZgrUIjoMHoqdwroAdLuL.wav,4
zNZRqYXoXnaRnnQqlsjt.wav,0
xBoYyRmhHYgdlIwjUdzI.wav,3
wdHOQhNXLAZiMRnuDfuM.wav,1
WBChuWogNpaGpxljSLtA.wav,1
QuShmBoBgvFhoDXPBtvI.wav,4
wdDdJwyaCQoVDvxruIwM.wav,2
vLndejRusnuPlorLysWW.wav,2
zOKCYmnXrVrISwNJRRqS.wav,2
VENKnZmUYzbEpyJZfjSK.wav,2
ZVchQKLbNEKUxoYbMwTt.wav,1
xEzDdoDeuorXNCfanXET.wav,3
wxrvUxOgbvlabixWxabn.wav,2
UFIvLnEskkwYnPaXJBIs.wav,2
zqxWbBfRzpGYkdAOUPEn.wav,0
uWktATWvIvgJoKzRjrGK.wav,0
vDRbYsfoZTWpcNZtLRDp.wav,2
xjNTNNNqNRlgzPzpNRjm.wav,1
xUniiielRLXGxKnReviy.wav,4
zrclsIXFqDowLMKdsGlO.wav,4
ykNKvNMxAXDIfiIRWFyF.wav,2
wwQzSYOjstZmgdrLriPr.wav,4
XscsLuWGdggiOTqObrkV.wav,3
zMlgLKySgmYfiTNYhESY.wav,4
SZtWFvsDQHBqLhrLkxSe.wav,0
VWZnYafpKFftsmeEMkrl.wav,4
XKEgqqXguOaNvUzIBeZU.wav,0
VUiPhLuxrBbRRJQUTaVm.wav,2
ZbNAtuZSMzBjeXLswRfB.wav,1
VnxldgQMsAuwcPHCapTh.wav,2
XVBEPbEZKvrCdJFEcdAK.wav,3
TXSWATkIsrEoDqSufxuz.wav,0
YbSKMxZkLpPUWeLybZZL.wav,3
yLlmicWCHdxOnkBbdsiS.wav,4
xEOfMwDDGWUSEoDErwil.wav,4
wCasKHJUWonGtaoGSXXw.wav,1
WHSgFeZdnNMKhBKCQCRr.wav,2
ZrhNDXuyeQilyPREFFBW.wav,1
wsDtmOZGajFaPRNQsfON.wav,2
VVjTnfUNlFTxBlWqVYPR.wav,0
UKPcFRHHsLpOVeuJjlbJ.wav,0
wLZXchnfSbxioLPWPigF.wav,2
ZHsEzlmgjrryiRNTsbMh.wav,0
TwLFZENQooGBsaktExVQ.wav,4
xszqGXKqNgYNUymwnIeg.wav,0
WQsPbwMyRzBiVsQALoLc.wav,3
vdcAYCcSJydyByOorGQT.wav,4
WXpKeEEfkrjvhuAYaAvt.wav,4
WYvOEpxMZrVGLFZKakAX.wav,1
tvXzJUWlHjoNrIwKcnUo.wav,0
wpZQiTnqGDGfAeZNvREN.wav,0
tyBYRSVIihCwOasZFiTy.wav,0
ywwsrtugiPPwwGELbURI.wav,1
yXnyazFRfAJLTxwteCsG.wav,2
ysKhUWEcahmJqTzBWzoV.wav,1
wcAdgjxbbkKrAkbQfEAC.wav,0
VtsESPTLvHwMQwYwbUrL.wav,4
XxzUiCvRUdrACsONyTBN.wav,2
xlKYJGDbrwQaueEADzdN.wav,2
vUxwIFFaZifsXZGVyJHX.wav,0
sgfXJkPRunNPQInKpyLM.wav,4
TRGXkSPYwSXgHehhaXqC.wav,4
VXfoGVgZEglWDpKzKfPL.wav,0
ZPAtegCSCknPZWZcZeml.wav,3
WkXVUbngeKaIXRRmOQvC.wav,1
ZACGxhlxoOhGETMsQGVC.wav,3
tZnrZQnXjnLvdVhFrhTB.wav,2
wjxAVOAvLlGiTHKdAZVU.wav,3
WUTqZAtarslaMhQUkxzN.wav,2
rWCQNTVKJNJIVYhSCRic.wav,4
wxJdxhMDNFfSJYbKUNCs.wav,3
xzIeEjzXmfkmDlRboNPR.wav,2
UElhyjuLawdjBsPlOchJ.wav,2
szvxoPCxywZDtOAKhoGb.wav,4
YxXInJHSPLKKeurGcHCS.wav,4
SUZfpIRfqtrTLAhiLJoW.wav,0
vatcnDZFLqmvMQdhEIzs.wav,0
ZGqHBzcLkjTAhYqaanmq.wav,3
tbPAzyzVhYAEjGtyQOgo.wav,0
vfDoYllIhnLqaOfGCWgA.wav,1
ZtapKdbZuSQAkcAbCXlB.wav,0
XnGOKEOfFaDPcAZDvhAB.wav,1
yEeGXEIsSXpcBTnTKfEF.wav,3
WPPQFXRBDtuYgCeeMCab.wav,4
WbWmuidhgUwQBQOWkSiA.wav,0
xADrjUNJLgjJHcbJekBF.wav,2
vLEyRfSGCWOLfaFCZOgU.wav,0
SfVneEQLQxLgrBRAfVzU.wav,4
ugySRlbTklPQLtyfmoOj.wav,1
vWoNDBoHDWyqnhKjyXZF.wav,1
XtpKwyLDGlnViUjXMcLi.wav,1
vshroWGCXHEwGKQlOBAW.wav,2
XuUGtbWucVJWwGTGXmIT.wav,4
uHhLtAkoJqLXKDVeZxZM.wav,4
ZAkVVbCMzaoklqEdURvF.wav,0
wFLXJTQffFusUbMPbWkC.wav,1
WBPGLpvyiPBGOoufmSAU.wav,1
vnZOQmWlkdgPsCflWPnT.wav,2
wveHguxOUaNbYjPsPxEQ.wav,4
xNngUvPmdxakjdKyRDwZ.wav,0
vXaNJkntKLTtzIyiEsce.wav,0
TIxXMQifZNKbOrEjwvRS.wav,0
yIhWgNqBWqbTDObUYScA.wav,3
WDgTtOBqpXLIHzyHHmiy.wav,0
ZwIYHutBjgLvfyvOCNNM.wav,1
wbTIVTQalhIhhOjSdlGw.wav,2
wusMzNzgvSlNVqDUJZlg.wav,0
vpPEtPCeKGdjOghWDQIN.wav,4
vxydtKYXvDvwHPoUJsuy.wav,3
vXpGAOJVNHOcptBquUyY.wav,2
YlmWXUoXEiNafXYhyHRv.wav,0
YQrHEAnDCrKCSrMXSqDo.wav,4
tTLBcFCGnjIkKPMSDpVS.wav,2
YNmuGQAygFKxAMNWtWhz.wav,3
WIegynWAfGcOTnEaMTfp.wav,3
xIrjYLdKXnJHbSCVnqQe.wav,4
VNynzwqGgGzDvFSHpidK.wav,0
xjhUdvEiTNyxTspkbLVh.wav,1
vwgYAeYPlVYsoEwlmoGV.wav,1
voahPpkedNDytUzyKlxm.wav,3
uHFbuCTwqRKIsQSZEzjR.wav,1
WuhAamCQvdhLiWjBNSYp.wav,1
uYbsAbyhHwUtikCCDYhQ.wav,1
xkgaqRogpwyKrnseHtvd.wav,0
XkdnYhhSjzRllpIEFHrS.wav,0
uzmMGsMTFsuUaHgRJKzP.wav,2
VHmYCdUpWQymToKyJfnt.wav,2
TebboQAdPDWBUGNQSpFz.wav,0
uwEUiNqyiNjaxpGfDosl.wav,1
VArpLMEaIgKRmbYZSyjL.wav,4
vXxvtwAFXVEVSIikzxYJ.wav,4
xoAcWFvYgnNRdnASzpVZ.wav,2
syCQebblkxMGjjVBQPzH.wav,4
UpgzBqGxCUwoKIKbNIJv.wav,4
zBTIVuoOizOMpWdKLslC.wav,3
XTiXqcKPwgYmWuhHxisb.wav,3
YeYGxVJcEWXmrDzubhTJ.wav,3
WBgYiyRjcXUAEqYSiwMo.wav,2
STFuitoEQJadkiJwdtQl.wav,0
UmuqISSxNsgyOoRFXbJw.wav,2
uDsnEVzhQWSxFQigsCyS.wav,2
rGibVSEgUmPJplkzewBG.wav,4
zIiHPBYOgPmLOZBSgVCh.wav,3
VTQyiDkOkOuJPObYCwjH.wav,3
XnakrvmZPYFsVfHwfxMP.wav,4
whmxPJZejhlfrYwuoPtc.wav,4
WAvVygeHfnkjDYdlOMQj.wav,2
TsXHtgAousyqVNSEUmGc.wav,4
ztQObUwotHEoYPcoIkxx.wav,1
TAHOgCmBuLXNzVJKFLBb.wav,0
wQEIsxFixaBJPYpdWyGI.wav,3
usPmZzBBYdgTXLwURNgG.wav,1
YaeHPDRUgwAajAIUjBBR.wav,4
TxPIKzRqOXLTMQpDyKxW.wav,0
yUKGFjdEDBaVGvzGtUsU.wav,1
xKDXpyVLMMoVqiJjhcGH.wav,2
VCvZoolmhrGWBAMigaQa.wav,2
TyphkkSHIoySzILxFRFT.wav,1
virSTqlDTReTrABJvjLR.wav,0
zkOPgMfeIRWMxDOEnnDN.wav,4
XfGkMgDcRtmIhDXwaGlf.wav,4
tEBTqCKxhKtjmpKQZiGg.wav,4
UZHxtBnSZDmOKWQPjdPK.wav,1
vOcqDrOMeUJUyTzRxHpg.wav,2
xWjjYKWmpBBckZKFRscN.wav,1
xUQFOiYbZTwSWivuqcHC.wav,0
WZjjCLWoCrslwNQwgbSG.wav,0
yaAQipwcnJIGSHGpFFZM.wav,4
zcZfAZQGhGwFQKkCcdmH.wav,0
wYZqXycSiIVrfPbGaceo.wav,2
tbAXFXusdaHgFvcDaQly.wav,4
zNgOeUxQWlhzoGymlrIQ.wav,3
UtRBUPujFuNEjUFodIeN.wav,2
vryYNEAKwOjvGWdGKNSN.wav,2
VPKIesjxoVPuCrbVAMeH.wav,3
VOUrGDkXwQjkawuuUlHr.wav,2
sRmvSTQXnNiWcvUELqeF.wav,4
wZAREsmzdsJoOVZcEfQd.wav,0
TZeaMWbzsVlxAHAbJfsS.wav,4
XmwfXWThAWIoHJeHMAbL.wav,1
TriVywqacMyxMsuseJuv.wav,0
uulOnNHfRxewmuCpRmIh.wav,1
RxthuHndjxosnehRAidM.wav,4
RhyEaPaODrmQTgeMAHzn.wav,4
ZRMSWOqIYMncAUFpZviS.wav,0
TqGCWpJqnjBmriCDimSO.wav,2
ZEodsZLKRWODmVMlyXrQ.wav,0
UCylWLeRzIOcEPLuoAMo.wav,1
ZinyZLTguoGiDYJoufOa.wav,1
XFakuoKohKndXboJBTSC.wav,2
xwZCefArqvjsXPRaJmDU.wav,3
ZNUrIrtQFdOlVEMTjHzA.wav,4
WaQTBzPZtXVzWdLCariU.wav,3
YDVbIgBzxtmpxjPNGwTc.wav,4
WdQvTQJXLWxGMeiBnMgn.wav,0
RZKQxZkAOVJQcKwbYkbl.wav,4
SgCeptdNDlavlugXMhOz.wav,4
uPslCiqNRzyhuVKhjVcT.wav,0
sXikqcsejklYSopuHJYi.wav,0
TymKQEdvLebFnFFTuxwU.wav,0
yOZioAFOYXiXbiRPPYJn.wav,4
yApwVKkinguklwTfIKlW.wav,0
SrDYKjNZLpCFivPgixhr.wav,0
YdkHhDlIRimeTGeIaELP.wav,3
XxPzjivnZugcsGpTTxrX.wav,4
TuuUtTHwJklIjoJCiATU.wav,4
xhSVoFhPKBGtZFQyqOpY.wav,4
YRmimePPijeoAXfMEBqU.wav,3
WBjUaarpjkDvYuYyqwPI.wav,3
tLEmMXBYmCaDTamFUxPw.wav,0
zctJcBmSsmPkBnvATyEf.wav,2
xKhIvKZhcgsFyBlmxcVh.wav,4
xOkRfxoPmLPnoSHqHxOE.wav,3
YZvkcaNnkyWBQNEzuLkH.wav,3
tLVbfkjLOuGcITCDsdyF.wav,4
XQXrzzMzGzorqvVDUIIs.wav,0
tPPyiEtUHBBfolFHlpgG.wav,1
VWIESeCDjJpDOlqJVJyj.wav,2
yDKCpvZlxBNNtuCRSXDK.wav,1
zqslmHAjKZGAIOjzxiBY.wav,3
RvDPPoVQRuiryxWEPbHA.wav,4
TRFGLXIOdGtASbDWsXmh.wav,2
UZhURapUDCiAvlSlfOEg.wav,4
VtENibxdoQKETOgSnoTP.wav,2
UzhnNOPiSvxMizcHWlXc.wav,2
WfZNlCnEDXANOzGiYILr.wav,2
UyPcFLMCgDMkFinTDsKH.wav,1
YkSWqzTueejFKMVmzgTr.wav,3
wEceSJGSaPmuybuJTgAh.wav,2
vmwCgHwIiVEzyzTxbhYn.wav,3
WcQGbdLYcoLXdJmXGlku.wav,2
xymSLNTTRCyZMfuhwyDX.wav,3
YCUOLWGtTKQDAhOKmsOt.wav,1
UbxQehBVmGKXuNKKOOdm.wav,2
TTuIHJEXcoGwGpeUlrxO.wav,4
wFrUvTJwOrYCpvCDOMxn.wav,3
uJDJtOQXwsyjgJUYTqcl.wav,1
uRKqsjAdhJvZVdGPlaqz.wav,4
wKDZiMAhvjdcmnzdeHHi.wav,3
uPuJcXqDqysrnYHhxLpE.wav,0
VPzTmejGghUEaEMfKJrF.wav,3
RYEFMIEKQVkDcWrupUVt.wav,4
xHfHrFMXABHTWgRzJYEv.wav,0
ugpMNAJRxaIDRfKxWbAu.wav,1
TyyQYirOwLowJnvofRIn.wav,1
xTJVRuUBuPWZaNYQAyyH.wav,3
wCmLmtFHglLxetnYjNZu.wav,1
tYeOrFvKbVEuiKmHWPkv.wav,0
wumZLrDhvRRFkspcFCrc.wav,0
XkSnAVCMJHhGaazZPQps.wav,3
ZWGhFtGPbNDBBzzYyrDN.wav,3
TvhihhyYjRnUKsLWydAo.wav,2
WHNbCKdMxjxuYmRepzyq.wav,0
zWxIwPRugxBfjEvllLvs.wav,4
XxCrPEFZGCdLabvNfrsr.wav,1
wyHjYfIToPPPOETerWbc.wav,3
XUxjPzkdxbXSFnmwkbqb.wav,1
ysmgcqZrFmONGQcDEIbU.wav,3
xRBZlrlQmzTGWvvjaKwh.wav,0
ypggbuFDVcYmqVBRFzXt.wav,2
zjNJvximWVIspbAIErWq.wav,0
rZVmiCbKycYxRxneVKWk.wav,4
ThJhaNGmMAutZTPlYYWu.wav,0
WZcyiJbqwlEJrNTzDYVZ.wav,1
WmaSqoCgqQGskGCXsmow.wav,3
QYsJkgSOdxWwZVfWyLHZ.wav,4
XWMNRzxbhjxpAsnzNRcQ.wav,0
ubKxIxDnLnveJBnIuBnf.wav,0
tluDfZGjRFVpEXprVAIk.wav,1
XtfwjZTevgezhynDPlNf.wav,2
XRPaXcwArzxGOIjaVJcT.wav,2
TyMoXWWVsEOohULmqagy.wav,1
YrNGlWlvkwpeUAyWKaJH.wav,0
